0,2,13,3,41.08607281489382
0,3,15,3,68.68638726949482
0,3,15,3,68.68638726949482
0,4,7,3,638.252461291125
0,4,7,3,638.252461291125
0,4,7,3,638.252461291125
0,4,7,3,638.252461291125
0,4,7,3,638.252461291125
0,4,7,3,638.252461291125
0,4,7,3,638.252461291125
0,4,7,3,638.252461291125
0,8,0,3,66.34370570727198
0,9,10,3,130.62788635735026
0,9,10,3,130.62788635735026
0,9,10,3,130.62788635735026
0,9,10,3,130.62788635735026
0,9,10,3,130.62788635735026
0,9,10,3,130.62788635735026
0,11,16,3,34.19293465122081
0,11,16,3,34.19293465122081
0,13,9,2,31.04177751318115
0,15,15,3,36.44432417532827
0,16,8,3,92.98489998621231
0,16,8,3,92.98489998621231
0,16,8,3,92.98489998621231
0,16,8,3,92.98489998621231
0,19,0,3,37.883152083455734
0,20,8,2,40.727216049203946
0,21,16,2,2198.757902098179
0,21,16,2,2198.757902098179
0,21,16,2,2198.757902098179
0,21,16,2,2198.757902098179
0,21,16,2,2198.757902098179
0,22,7,3,143.08656463368737
0,22,7,3,143.08656463368737
0,22,7,3,143.08656463368737
0,22,7,3,143.08656463368737
0,22,7,3,143.08656463368737
0,22,7,3,143.08656463368737
0,22,7,3,143.08656463368737
0,23,14,3,37.3519766742242
0,24,2,3,1510.669236481509
0,24,2,3,1510.669236481509
0,24,2,3,1510.669236481509
0,25,4,3,573.0986182496449
0,25,4,3,573.0986182496449
0,25,4,3,573.0986182496449
0,25,4,3,573.0986182496449
0,25,4,3,573.0986182496449
0,26,12,3,118.23075633350625
0,26,12,3,118.23075633350625
0,26,12,3,118.23075633350625
0,26,12,3,118.23075633350625
0,27,8,3,211.67179102350553
0,27,8,3,211.67179102350553
0,27,8,3,211.67179102350553
0,27,8,3,211.67179102350553
0,27,8,3,211.67179102350553
0,27,8,3,211.67179102350553
0,27,8,3,211.67179102350553
0,27,8,3,211.67179102350553
0,27,8,3,211.67179102350553
0,28,0,3,223.9341469777665
0,28,0,3,223.9341469777665
0,29,7,3,212.8070193936658
0,29,7,3,212.8070193936658
0,29,7,3,212.8070193936658
0,29,7,3,212.8070193936658
0,29,7,3,212.8070193936658
0,29,7,3,212.8070193936658
0,29,7,3,212.8070193936658
0,29,7,3,212.8070193936658
0,29,7,3,212.8070193936658
0,29,7,3,212.8070193936658
0,30,4,3,315.3596297871461
0,30,4,3,315.3596297871461
0,30,4,3,315.3596297871461
0,30,4,3,315.3596297871461
0,31,13,3,69.31978453776915
0,31,13,3,69.31978453776915
1,0,13,3,43.15701752798832
1,0,13,3,43.15701752798832
1,1,7,3,275.3132409813281
1,1,7,3,275.3132409813281
1,2,2,2,343.4653209310693
1,2,2,2,343.4653209310693
1,3,16,3,52.453386809870736
1,3,16,3,52.453386809870736
1,4,15,2,37.52164366849002
1,4,15,2,37.52164366849002
1,9,8,2,74.29456804005676
1,11,11,3,121.43560467527351
1,12,15,3,39.653527524224906
1,13,10,3,39.88685702270736
1,14,14,3,58.21329034840933
1,15,4,3,10854.29147582535
1,15,4,3,10854.29147582535
1,15,4,3,10854.29147582535
1,18,12,2,192.86029435277035
1,19,9,2,51.08020791714126
1,20,0,2,45.28686790025035
1,22,10,3,74.36778312066652
1,22,10,3,74.36778312066652
1,22,10,3,74.36778312066652
1,22,10,3,74.36778312066652
1,23,8,2,404.2409957185394
1,23,8,2,404.2409957185394
1,23,8,2,404.2409957185394
1,23,8,2,404.2409957185394
1,23,8,2,404.2409957185394
1,23,8,2,404.2409957185394
1,24,16,3,79.50149222690676
1,24,16,3,79.50149222690676
1,25,1,3,45.05676579241602
1,26,0,3,146.12541880542867
1,27,5,3,42.2936281635519
1,27,5,3,42.2936281635519
1,27,5,3,42.2936281635519
1,27,5,3,42.2936281635519
1,27,5,3,42.2936281635519
1,28,4,3,3520.039126774258
1,28,4,3,3520.039126774258
1,28,4,3,3520.039126774258
1,28,4,3,3520.039126774258
1,28,4,3,3520.039126774258
1,30,6,3,133.28657825282005
1,30,6,3,133.28657825282005
1,30,6,3,133.28657825282005
1,30,6,3,133.28657825282005
1,30,6,3,133.28657825282005
1,30,6,3,133.28657825282005
1,30,6,3,133.28657825282005
1,31,1,3,37.08866224765265
1,31,1,3,37.08866224765265
2,1,10,3,45.15545395988946
2,2,0,3,69.22817445812595
2,5,13,3,45.10595981799458
2,7,0,3,40.51276989148075
2,10,12,3,683.0101505670467
2,10,12,3,683.0101505670467
2,10,12,3,683.0101505670467
2,10,12,3,683.0101505670467
2,10,12,3,683.0101505670467
2,10,12,3,683.0101505670467
2,10,12,3,683.0101505670467
2,14,13,2,121.74739675733743
2,14,13,2,121.74739675733743
2,15,12,2,59.901972627634635
2,18,5,2,61.90506549759035
2,18,5,2,61.90506549759035
2,18,5,2,61.90506549759035
2,18,5,2,61.90506549759035
2,18,5,2,61.90506549759035
2,18,5,2,61.90506549759035
2,20,15,3,31.09978306297607
2,21,13,3,46.56902271893633
2,23,1,3,42.729061304551124
2,23,1,3,42.729061304551124
2,23,1,3,42.729061304551124
2,23,1,3,42.729061304551124
2,23,1,3,42.729061304551124
2,23,1,3,42.729061304551124
2,23,1,3,42.729061304551124
2,24,0,3,95.54320132309941
2,24,0,3,95.54320132309941
2,24,0,3,95.54320132309941
2,24,0,3,95.54320132309941
2,24,0,3,95.54320132309941
2,24,0,3,95.54320132309941
2,24,0,3,95.54320132309941
2,25,4,3,193.51203764226187
2,25,4,3,193.51203764226187
2,25,4,3,193.51203764226187
2,25,4,3,193.51203764226187
2,26,4,3,253.7054525699608
2,26,4,3,253.7054525699608
2,26,4,3,253.7054525699608
2,26,4,3,253.7054525699608
2,26,4,3,253.7054525699608
2,26,4,3,253.7054525699608
2,27,6,3,248.13739562196918
2,27,6,3,248.13739562196918
2,27,6,3,248.13739562196918
2,27,6,3,248.13739562196918
2,27,6,3,248.13739562196918
2,30,13,3,128.13435979680966
2,30,13,3,128.13435979680966
2,30,13,3,128.13435979680966
2,30,13,3,128.13435979680966
2,30,13,3,128.13435979680966
2,30,13,3,128.13435979680966
2,30,13,3,128.13435979680966
2,30,13,3,128.13435979680966
2,30,13,3,128.13435979680966
2,30,13,3,128.13435979680966
2,30,13,3,128.13435979680966
3,1,1,2,414.936412075011
3,1,1,2,414.936412075011
3,1,1,2,414.936412075011
3,1,1,2,414.936412075011
3,1,1,2,414.936412075011
3,2,13,3,39.82737554736034
3,9,6,3,33.60768422243361
3,11,14,3,134.27988398358272
3,11,14,3,134.27988398358272
3,13,13,3,54.44190081077505
3,17,13,3,73.45258975511007
3,18,14,3,91.01507845201495
3,19,15,3,31.381432206647485
3,21,12,3,81.52954404151404
3,22,12,3,31.820400733963613
3,24,7,3,90.82285820825426
3,24,7,3,90.82285820825426
3,24,7,3,90.82285820825426
3,24,7,3,90.82285820825426
3,24,7,3,90.82285820825426
3,24,7,3,90.82285820825426
3,24,7,3,90.82285820825426
3,25,3,3,765.8306804601091
3,25,3,3,765.8306804601091
3,25,3,3,765.8306804601091
3,25,3,3,765.8306804601091
3,28,15,3,92.57387728351198
3,28,15,3,92.57387728351198
3,28,15,3,92.57387728351198
3,28,15,3,92.57387728351198
3,28,15,3,92.57387728351198
3,28,15,3,92.57387728351198
3,28,15,3,92.57387728351198
3,28,15,3,92.57387728351198
3,28,15,3,92.57387728351198
3,28,15,3,92.57387728351198
3,28,15,3,92.57387728351198
3,29,7,2,640.4979065425497
3,29,7,2,640.4979065425497
3,29,7,2,640.4979065425497
3,29,7,2,640.4979065425497
3,29,7,2,640.4979065425497
3,29,7,2,640.4979065425497
3,29,7,2,640.4979065425497
3,30,10,2,83.69620148905639
3,30,10,2,83.69620148905639
3,30,10,2,83.69620148905639
3,31,8,2,37.37507864064742
4,2,13,3,141.4706072098926
4,2,13,3,141.4706072098926
4,2,13,3,141.4706072098926
4,7,5,3,157.83843021244505
4,7,5,3,157.83843021244505
4,9,15,3,4532.477500717026
4,9,15,3,4532.477500717026
4,9,15,3,4532.477500717026
4,9,15,3,4532.477500717026
4,9,15,3,4532.477500717026
4,9,15,3,4532.477500717026
4,12,0,3,145.06849651838704
4,17,1,2,34.6439751982548
4,18,15,3,33.23753302735919
4,19,16,3,47.235138857460335
4,23,6,3,213.16196797617562
4,23,6,3,213.16196797617562
4,23,6,3,213.16196797617562
4,23,6,3,213.16196797617562
4,23,6,3,213.16196797617562
4,23,6,3,213.16196797617562
4,24,14,2,203.05649147756924
4,24,14,2,203.05649147756924
4,25,12,3,123.2138525308013
4,25,12,3,123.2138525308013
4,25,12,3,123.2138525308013
4,25,12,3,123.2138525308013
4,28,16,3,129.51805924667704
4,28,16,3,129.51805924667704
4,29,6,3,140.2235757128878
4,29,6,3,140.2235757128878
4,29,6,3,140.2235757128878
4,29,6,3,140.2235757128878
4,30,12,3,56.71360071790775
4,31,0,3,1181.1329339899683
5,1,15,3,215.98755996619394
5,3,16,3,32.29724790681316
5,3,16,3,32.29724790681316
5,5,10,3,684.0874469982588
5,5,10,3,684.0874469982588
5,6,6,3,53478.06613619753
5,6,6,3,53478.06613619753
5,6,6,3,53478.06613619753
5,6,6,3,53478.06613619753
5,6,6,3,53478.06613619753
5,6,6,3,53478.06613619753
5,6,6,3,53478.06613619753
5,6,6,3,53478.06613619753
5,7,1,3,777.7701013463316
5,7,1,3,777.7701013463316
5,9,16,3,48.7693807571979
5,9,16,3,48.7693807571979
5,9,16,3,48.7693807571979
5,9,16,3,48.7693807571979
5,10,14,3,52.17249489473098
5,14,9,3,49.175051456949575
5,14,9,3,49.175051456949575
5,16,5,2,78.7942984965697
5,16,5,2,78.7942984965697
5,16,5,2,78.7942984965697
5,16,5,2,78.7942984965697
5,16,5,2,78.7942984965697
5,16,5,2,78.7942984965697
5,18,5,3,73.12881381049479
5,19,16,3,51.21311515511213
5,21,11,3,30.429317305027386
5,21,11,3,30.429317305027386
5,22,12,2,33.18525873564558
5,22,12,2,33.18525873564558
5,22,12,2,33.18525873564558
5,24,4,3,77.78869674507486
5,24,4,3,77.78869674507486
5,24,4,3,77.78869674507486
5,24,4,3,77.78869674507486
5,24,4,3,77.78869674507486
5,24,4,3,77.78869674507486
5,24,4,3,77.78869674507486
5,24,4,3,77.78869674507486
5,25,0,3,82.50020830992813
5,27,6,3,144.41334645014695
5,27,6,3,144.41334645014695
5,27,6,3,144.41334645014695
5,27,6,3,144.41334645014695
5,27,6,3,144.41334645014695
5,27,6,3,144.41334645014695
5,27,6,3,144.41334645014695
5,28,0,3,57.32075314164545
5,29,11,3,34.72444514243125
5,30,15,2,38.46346180950484
5,30,15,2,38.46346180950484
6,2,16,2,280.71496295311186
6,2,16,2,280.71496295311186
6,3,14,3,54.52044787894289
6,4,0,3,605.8401005020097
6,10,16,3,31.30790554252968
6,11,14,3,36.239333673296926
6,12,15,2,58.619727876073306
6,12,15,2,58.619727876073306
6,13,11,3,250.06096193527242
6,14,15,3,39.43428066420519
6,15,12,2,52.281608205276704
6,16,0,3,42.22715378727868
6,16,0,3,42.22715378727868
6,16,0,3,42.22715378727868
6,18,13,3,91.0467336944862
6,20,5,3,565.2610780225531
6,20,5,3,565.2610780225531
6,20,5,3,565.2610780225531
6,20,5,3,565.2610780225531
6,22,0,3,53.96621181371233
6,22,0,3,53.96621181371233
6,25,4,3,464.3779891878369
6,25,4,3,464.3779891878369
6,25,4,3,464.3779891878369
6,25,4,3,464.3779891878369
6,26,16,3,58.94065117578836
6,27,12,3,71.89158200259618
6,27,12,3,71.89158200259618
6,28,0,3,103.02799578938155
6,30,9,2,85.65692184298358
6,31,11,3,35.830264753418405
6,31,11,3,35.830264753418405
7,1,2,3,305.09680492695264
7,1,2,3,305.09680492695264
7,4,9,3,69.97522188371816
7,4,9,3,69.97522188371816
7,4,9,3,69.97522188371816
7,4,9,3,69.97522188371816
7,5,15,3,750.1775037397036
7,5,15,3,750.1775037397036
7,5,15,3,750.1775037397036
7,6,11,3,153.0746473229664
7,11,2,2,37.23968359330358
7,11,2,2,37.23968359330358
7,14,5,3,325.590881692314
7,14,5,3,325.590881692314
7,14,5,3,325.590881692314
7,14,5,3,325.590881692314
7,14,5,3,325.590881692314
7,14,5,3,325.590881692314
7,15,10,3,900.5025023612058
7,15,10,3,900.5025023612058
7,15,10,3,900.5025023612058
7,16,11,3,41.47665460949249
7,18,16,3,96.49832301640811
7,21,2,3,1134.2276337807732
7,21,2,3,1134.2276337807732
7,21,2,3,1134.2276337807732
7,24,11,3,494.4515332511645
7,24,11,3,494.4515332511645
7,24,11,3,494.4515332511645
7,24,11,3,494.4515332511645
7,24,11,3,494.4515332511645
7,24,11,3,494.4515332511645
7,24,11,3,494.4515332511645
7,24,11,3,494.4515332511645
7,24,11,3,494.4515332511645
7,24,11,3,494.4515332511645
7,24,11,3,494.4515332511645
7,24,11,3,494.4515332511645
7,26,0,3,121.64736531005967
7,27,10,2,46.98963259552798
7,30,6,3,90.55649183075678
7,30,6,3,90.55649183075678
7,30,6,3,90.55649183075678
7,31,13,2,158.92115815908875
8,0,15,2,31.059257953093265
8,3,5,3,87.25242267279329
8,3,5,3,87.25242267279329
8,3,5,3,87.25242267279329
8,3,5,3,87.25242267279329
8,3,5,3,87.25242267279329
8,5,8,3,32.192175464190775
8,7,0,3,144.03153589368625
8,8,8,3,4506.625887034181
8,8,8,3,4506.625887034181
8,9,14,3,37.26975045750751
8,9,14,3,37.26975045750751
8,10,1,2,75.64863410055277
8,10,1,2,75.64863410055277
8,10,1,2,75.64863410055277
8,10,1,2,75.64863410055277
8,12,14,3,62.01282389609067
8,14,4,2,121.39606331343433
8,14,4,2,121.39606331343433
8,14,4,2,121.39606331343433
8,15,13,3,368.768810522127
8,15,13,3,368.768810522127
8,17,1,3,76.37710150297103
8,17,1,3,76.37710150297103
8,19,0,3,73.61413943767721
8,19,0,3,73.61413943767721
8,20,5,3,947.4304495294496
8,20,5,3,947.4304495294496
8,20,5,3,947.4304495294496
8,20,5,3,947.4304495294496
8,20,5,3,947.4304495294496
8,20,5,3,947.4304495294496
8,20,5,3,947.4304495294496
8,20,5,3,947.4304495294496
8,21,3,3,720.3537396105924
8,21,3,3,720.3537396105924
8,21,3,3,720.3537396105924
8,21,3,3,720.3537396105924
8,22,15,3,49.677494923531526
8,24,4,3,293.22947142930985
8,24,4,3,293.22947142930985
8,24,4,3,293.22947142930985
8,24,4,3,293.22947142930985
8,24,4,3,293.22947142930985
8,24,4,3,293.22947142930985
8,24,4,3,293.22947142930985
8,24,4,3,293.22947142930985
8,26,5,3,109.8278194404223
8,26,5,3,109.8278194404223
8,26,5,3,109.8278194404223
8,27,3,3,1824.0297679933908
8,27,3,3,1824.0297679933908
8,27,3,3,1824.0297679933908
8,27,3,3,1824.0297679933908
8,27,3,3,1824.0297679933908
8,28,5,2,65.84232591396507
8,28,5,2,65.84232591396507
8,29,10,3,47.51827142906152
8,31,10,3,85.27053570185996
8,31,10,3,85.27053570185996
8,31,10,3,85.27053570185996
8,31,10,3,85.27053570185996
8,31,10,3,85.27053570185996
8,31,10,3,85.27053570185996
8,31,10,3,85.27053570185996
8,31,10,3,85.27053570185996
9,0,8,2,51.060366369105544
9,0,8,2,51.060366369105544
9,0,8,2,51.060366369105544
9,2,1,3,2388.2649119718476
9,2,1,3,2388.2649119718476
9,3,8,3,49.14578652811061
9,3,8,3,49.14578652811061
9,5,12,3,52.91818468765916
9,6,3,3,418.19062151135347
9,6,3,3,418.19062151135347
9,6,3,3,418.19062151135347
9,6,3,3,418.19062151135347
9,13,8,3,137.12300485340114
9,13,8,3,137.12300485340114
9,13,8,3,137.12300485340114
9,13,8,3,137.12300485340114
9,14,4,2,38.68354850126118
9,15,15,2,34.21542794350255
9,16,9,3,314.4580474565447
9,16,9,3,314.4580474565447
9,19,7,3,33.43850885563221
9,19,7,3,33.43850885563221
9,20,5,3,509.1505458168713
9,20,5,3,509.1505458168713
9,20,5,3,509.1505458168713
9,20,5,3,509.1505458168713
9,20,5,3,509.1505458168713
9,21,9,3,117.06361928333556
9,21,9,3,117.06361928333556
9,21,9,3,117.06361928333556
9,21,9,3,117.06361928333556
9,21,9,3,117.06361928333556
9,21,9,3,117.06361928333556
9,21,9,3,117.06361928333556
9,21,9,3,117.06361928333556
9,21,9,3,117.06361928333556
9,21,9,3,117.06361928333556
9,21,9,3,117.06361928333556
9,21,9,3,117.06361928333556
9,22,0,3,113.69490045151645
9,23,4,3,33.46533287675997
9,23,4,3,33.46533287675997
9,24,6,3,5216.552958252971
9,24,6,3,5216.552958252971
9,24,6,3,5216.552958252971
9,24,6,3,5216.552958252971
9,24,6,3,5216.552958252971
9,24,6,3,5216.552958252971
9,24,6,3,5216.552958252971
9,24,6,3,5216.552958252971
9,24,6,3,5216.552958252971
9,28,15,3,35.43625003129573
9,30,13,3,54.44563225181837
9,30,13,3,54.44563225181837
9,31,15,2,96.08398915116136
9,31,15,2,96.08398915116136
9,31,15,2,96.08398915116136
10,0,13,3,34.2073108056355
10,3,2,3,197.3980912217725
10,3,2,3,197.3980912217725
10,3,2,3,197.3980912217725
10,5,11,3,32.30880404641472
10,6,16,3,35.03710421474103
10,9,4,3,106.87721915943219
10,9,4,3,106.87721915943219
10,9,4,3,106.87721915943219
10,9,4,3,106.87721915943219
10,11,5,2,85.17777926613292
10,11,5,2,85.17777926613292
10,17,7,3,60.032224194681106
10,17,7,3,60.032224194681106
10,17,7,3,60.032224194681106
10,18,16,3,38.06788567925189
10,20,8,3,234.75951181561953
10,20,8,3,234.75951181561953
10,20,8,3,234.75951181561953
10,20,8,3,234.75951181561953
10,20,8,3,234.75951181561953
10,20,8,3,234.75951181561953
10,20,8,3,234.75951181561953
10,20,8,3,234.75951181561953
10,20,8,3,234.75951181561953
10,21,2,3,1308.6641067378966
10,21,2,3,1308.6641067378966
10,21,2,3,1308.6641067378966
10,22,6,3,216.09710895866405
10,22,6,3,216.09710895866405
10,22,6,3,216.09710895866405
10,22,6,3,216.09710895866405
10,22,6,3,216.09710895866405
10,22,6,3,216.09710895866405
10,22,6,3,216.09710895866405
10,22,6,3,216.09710895866405
10,22,6,3,216.09710895866405
10,22,6,3,216.09710895866405
10,23,10,3,42.27838283842693
10,24,9,3,104.28335878435354
10,24,9,3,104.28335878435354
10,24,9,3,104.28335878435354
10,24,9,3,104.28335878435354
10,24,9,3,104.28335878435354
10,24,9,3,104.28335878435354
10,24,9,3,104.28335878435354
10,24,9,3,104.28335878435354
10,24,9,3,104.28335878435354
10,24,9,3,104.28335878435354
10,24,9,3,104.28335878435354
10,24,9,3,104.28335878435354
10,26,11,2,59.84232055802604
10,26,11,2,59.84232055802604
10,27,10,3,68.71459592378542
10,27,10,3,68.71459592378542
10,27,10,3,68.71459592378542
10,27,10,3,68.71459592378542
10,27,10,3,68.71459592378542
10,27,10,3,68.71459592378542
10,27,10,3,68.71459592378542
10,27,10,3,68.71459592378542
10,28,5,3,115.1044026352764
10,29,16,3,85.55821010901495
11,0,8,3,69.72941201723849
11,3,16,3,59.2563394092682
11,4,10,3,140.5982619515705
11,4,10,3,140.5982619515705
11,5,4,3,55.750667351379995
11,5,4,3,55.750667351379995
11,5,4,3,55.750667351379995
11,5,4,3,55.750667351379995
11,5,4,3,55.750667351379995
11,5,4,3,55.750667351379995
11,6,14,3,31.654500561096413
11,7,12,2,218.8300114623025
11,7,12,2,218.8300114623025
11,8,13,3,30.218312939394828
11,12,7,2,30.620784440000314
11,13,4,3,1794.4202850707022
11,13,4,3,1794.4202850707022
11,13,4,3,1794.4202850707022
11,13,4,3,1794.4202850707022
11,15,10,3,96.69984192699361
11,15,10,3,96.69984192699361
11,15,10,3,96.69984192699361
11,15,10,3,96.69984192699361
11,15,10,3,96.69984192699361
11,15,10,3,96.69984192699361
11,15,10,3,96.69984192699361
11,15,10,3,96.69984192699361
11,17,7,2,57.26596073615382
11,17,7,2,57.26596073615382
11,17,7,2,57.26596073615382
11,18,9,3,256.1889365453712
11,18,9,3,256.1889365453712
11,18,9,3,256.1889365453712
11,18,9,3,256.1889365453712
11,18,9,3,256.1889365453712
11,18,9,3,256.1889365453712
11,18,9,3,256.1889365453712
11,18,9,3,256.1889365453712
11,18,9,3,256.1889365453712
11,18,9,3,256.1889365453712
11,19,0,3,65.54072126617255
11,20,13,3,43.95550625415552
11,21,15,2,76.12403092268225
11,21,15,2,76.12403092268225
11,21,15,2,76.12403092268225
11,21,15,2,76.12403092268225
11,21,15,2,76.12403092268225
11,21,15,2,76.12403092268225
11,21,15,2,76.12403092268225
11,21,15,2,76.12403092268225
11,21,15,2,76.12403092268225
11,21,15,2,76.12403092268225
11,21,15,2,76.12403092268225
11,22,0,3,31.75245328043897
11,23,0,3,9177.60772371808
11,24,8,3,440.87403565898796
11,24,8,3,440.87403565898796
11,24,8,3,440.87403565898796
11,24,8,3,440.87403565898796
11,24,8,3,440.87403565898796
11,24,8,3,440.87403565898796
11,24,8,3,440.87403565898796
11,24,8,3,440.87403565898796
11,24,8,3,440.87403565898796
11,25,11,3,79.82045754382615
11,26,12,3,43.80992904806492
11,27,0,3,191.71609818094743
11,27,0,3,191.71609818094743
11,27,0,3,191.71609818094743
11,28,11,3,38.63595133141842
11,29,14,2,63.0986440821556
11,29,14,2,63.0986440821556
11,30,14,3,95.61554033121618
11,30,14,3,95.61554033121618
11,30,14,3,95.61554033121618
11,30,14,3,95.61554033121618
11,30,14,3,95.61554033121618
11,31,0,3,50.15168572680066
12,0,15,2,32.685194598198635
12,2,11,3,44.31282461894356
12,3,4,2,131.53718062930315
12,3,4,2,131.53718062930315
12,3,4,2,131.53718062930315
12,3,4,2,131.53718062930315
12,6,15,3,65.48462927407896
12,6,15,3,65.48462927407896
12,6,15,3,65.48462927407896
12,9,9,3,496.2045570016108
12,9,9,3,496.2045570016108
12,11,7,3,2906.6333268244866
12,11,7,3,2906.6333268244866
12,11,7,3,2906.6333268244866
12,11,7,3,2906.6333268244866
12,11,7,3,2906.6333268244866
12,11,7,3,2906.6333268244866
12,11,7,3,2906.6333268244866
12,12,2,2,416.49535732072945
12,12,2,2,416.49535732072945
12,12,2,2,416.49535732072945
12,12,2,2,416.49535732072945
12,12,2,2,416.49535732072945
12,13,15,2,52.97234913770381
12,13,15,2,52.97234913770381
12,14,15,3,214.28763108036006
12,14,15,3,214.28763108036006
12,18,3,3,1692.4605624702185
12,18,3,3,1692.4605624702185
12,18,3,3,1692.4605624702185
12,18,3,3,1692.4605624702185
12,18,3,3,1692.4605624702185
12,18,3,3,1692.4605624702185
12,19,7,3,56.248070837467225
12,19,7,3,56.248070837467225
12,19,7,3,56.248070837467225
12,19,7,3,56.248070837467225
12,19,7,3,56.248070837467225
12,19,7,3,56.248070837467225
12,19,7,3,56.248070837467225
12,19,7,3,56.248070837467225
12,20,1,3,347.38866300914714
12,20,1,3,347.38866300914714
12,21,15,3,547.0918374485358
12,21,15,3,547.0918374485358
12,21,15,3,547.0918374485358
12,21,15,3,547.0918374485358
12,21,15,3,547.0918374485358
12,21,15,3,547.0918374485358
12,21,15,3,547.0918374485358
12,21,15,3,547.0918374485358
12,21,15,3,547.0918374485358
12,21,15,3,547.0918374485358
12,21,15,3,547.0918374485358
12,21,15,3,547.0918374485358
12,21,15,3,547.0918374485358
12,21,15,3,547.0918374485358
12,21,15,3,547.0918374485358
12,22,1,3,354.117881848713
12,22,1,3,354.117881848713
12,23,1,3,217.91619968493615
12,23,1,3,217.91619968493615
12,24,0,3,83.474162679163
12,25,6,3,122.62075439396119
12,25,6,3,122.62075439396119
12,25,6,3,122.62075439396119
12,25,6,3,122.62075439396119
12,25,6,3,122.62075439396119
12,25,6,3,122.62075439396119
12,25,6,3,122.62075439396119
12,26,16,3,55.75484869347742
12,27,5,3,132.34940009474542
12,27,5,3,132.34940009474542
12,27,5,3,132.34940009474542
12,27,5,3,132.34940009474542
12,27,5,3,132.34940009474542
12,27,5,3,132.34940009474542
12,27,5,3,132.34940009474542
12,29,0,3,64.0502292065203
12,30,11,2,83.25807242524759
12,30,11,2,83.25807242524759
13,4,1,3,496.36138521479694
13,5,10,3,58.93902043290205
13,5,10,3,58.93902043290205
13,6,8,2,77.10226020638899
13,6,8,2,77.10226020638899
13,6,8,2,77.10226020638899
13,7,7,2,56.34383495285549
13,9,12,3,91.31704541762106
13,10,3,3,151.81459653072739
13,12,10,2,31.00940934222333
13,17,12,3,40.1829580058788
13,17,12,3,40.1829580058788
13,17,12,3,40.1829580058788
13,17,12,3,40.1829580058788
13,17,12,3,40.1829580058788
13,17,12,3,40.1829580058788
13,17,12,3,40.1829580058788
13,17,12,3,40.1829580058788
13,17,12,3,40.1829580058788
13,18,9,3,186.61267772369322
13,18,9,3,186.61267772369322
13,18,9,3,186.61267772369322
13,18,9,3,186.61267772369322
13,18,9,3,186.61267772369322
13,18,9,3,186.61267772369322
13,18,9,3,186.61267772369322
13,18,9,3,186.61267772369322
13,18,9,3,186.61267772369322
13,18,9,3,186.61267772369322
13,18,9,3,186.61267772369322
13,18,9,3,186.61267772369322
13,19,8,3,268.7464986731275
13,19,8,3,268.7464986731275
13,19,8,3,268.7464986731275
13,19,8,3,268.7464986731275
13,19,8,3,268.7464986731275
13,19,8,3,268.7464986731275
13,19,8,3,268.7464986731275
13,19,8,3,268.7464986731275
13,19,8,3,268.7464986731275
13,20,9,3,50.73456931967656
13,20,9,3,50.73456931967656
13,20,9,3,50.73456931967656
13,20,9,3,50.73456931967656
13,20,9,3,50.73456931967656
13,20,9,3,50.73456931967656
13,20,9,3,50.73456931967656
13,20,9,3,50.73456931967656
13,20,9,3,50.73456931967656
13,20,9,3,50.73456931967656
13,21,8,3,338.4415935293533
13,21,8,3,338.4415935293533
13,21,8,3,338.4415935293533
13,21,8,3,338.4415935293533
13,21,8,3,338.4415935293533
13,21,8,3,338.4415935293533
13,21,8,3,338.4415935293533
13,22,1,3,804.6461796886966
13,22,1,3,804.6461796886966
13,23,8,3,112.27018634153151
13,23,8,3,112.27018634153151
13,23,8,3,112.27018634153151
13,23,8,3,112.27018634153151
13,23,8,3,112.27018634153151
13,24,13,3,953.1967384967692
13,24,13,3,953.1967384967692
13,24,13,3,953.1967384967692
13,24,13,3,953.1967384967692
13,24,13,3,953.1967384967692
13,24,13,3,953.1967384967692
13,24,13,3,953.1967384967692
13,25,12,3,39.497902224138095
13,26,15,3,181.089452455671
13,26,15,3,181.089452455671
13,26,15,3,181.089452455671
13,26,15,3,181.089452455671
13,26,15,3,181.089452455671
13,26,15,3,181.089452455671
13,26,15,3,181.089452455671
13,26,15,3,181.089452455671
13,26,15,3,181.089452455671
13,26,15,3,181.089452455671
13,26,15,3,181.089452455671
13,26,15,3,181.089452455671
13,26,15,3,181.089452455671
13,27,0,3,78.40283276725171
13,29,6,3,835.453228562021
13,29,6,3,835.453228562021
13,29,6,3,835.453228562021
13,29,6,3,835.453228562021
13,29,6,3,835.453228562021
13,29,6,3,835.453228562021
13,30,8,3,45.43725410183535
13,30,8,3,45.43725410183535
13,30,8,3,45.43725410183535
13,30,8,3,45.43725410183535
13,30,8,3,45.43725410183535
13,30,8,3,45.43725410183535
13,30,8,3,45.43725410183535
13,30,8,3,45.43725410183535
13,30,8,3,45.43725410183535
13,30,8,3,45.43725410183535
13,31,14,3,43.700481347952135
13,31,14,3,43.700481347952135
14,1,2,3,189.03701601722588
14,1,2,3,189.03701601722588
14,1,2,3,189.03701601722588
14,2,3,3,111.81093830464572
14,2,3,3,111.81093830464572
14,2,3,3,111.81093830464572
14,3,6,3,234.66897523522874
14,3,6,3,234.66897523522874
14,3,6,3,234.66897523522874
14,3,6,3,234.66897523522874
14,3,6,3,234.66897523522874
14,3,6,3,234.66897523522874
14,3,6,3,234.66897523522874
14,6,11,2,49.39725754404752
14,7,0,2,187.15209616229586
14,7,0,2,187.15209616229586
14,8,5,3,130.8018621748858
14,8,5,3,130.8018621748858
14,8,5,3,130.8018621748858
14,8,5,3,130.8018621748858
14,8,5,3,130.8018621748858
14,8,5,3,130.8018621748858
14,8,5,3,130.8018621748858
14,9,13,3,544.0638311954478
14,10,13,3,51.324298606024996
14,10,13,3,51.324298606024996
14,12,13,3,45.808710462757226
14,13,8,3,47.65928728964393
14,13,8,3,47.65928728964393
14,13,8,3,47.65928728964393
14,13,8,3,47.65928728964393
14,13,8,3,47.65928728964393
14,14,11,3,52.1361997274236
14,14,11,3,52.1361997274236
14,15,5,3,258.1014300254684
14,15,5,3,258.1014300254684
14,15,5,3,258.1014300254684
14,15,5,3,258.1014300254684
14,15,5,3,258.1014300254684
14,15,5,3,258.1014300254684
14,16,10,3,74.71102792144958
14,16,10,3,74.71102792144958
14,16,10,3,74.71102792144958
14,16,10,3,74.71102792144958
14,16,10,3,74.71102792144958
14,16,10,3,74.71102792144958
14,16,10,3,74.71102792144958
14,16,10,3,74.71102792144958
14,17,13,3,507.89922390765065
14,17,13,3,507.89922390765065
14,17,13,3,507.89922390765065
14,17,13,3,507.89922390765065
14,17,13,3,507.89922390765065
14,17,13,3,507.89922390765065
14,17,13,3,507.89922390765065
14,17,13,3,507.89922390765065
14,17,13,3,507.89922390765065
14,17,13,3,507.89922390765065
14,17,13,3,507.89922390765065
14,17,13,3,507.89922390765065
14,17,13,3,507.89922390765065
14,17,13,3,507.89922390765065
14,18,8,3,46.44937940070843
14,18,8,3,46.44937940070843
14,18,8,3,46.44937940070843
14,18,8,3,46.44937940070843
14,18,8,3,46.44937940070843
14,18,8,3,46.44937940070843
14,18,8,3,46.44937940070843
14,18,8,3,46.44937940070843
14,18,8,3,46.44937940070843
14,18,8,3,46.44937940070843
14,18,8,3,46.44937940070843
14,18,8,3,46.44937940070843
14,18,8,3,46.44937940070843
14,19,13,3,576.4657254782845
14,19,13,3,576.4657254782845
14,19,13,3,576.4657254782845
14,19,13,3,576.4657254782845
14,19,13,3,576.4657254782845
14,19,13,3,576.4657254782845
14,19,13,3,576.4657254782845
14,19,13,3,576.4657254782845
14,19,13,3,576.4657254782845
14,19,13,3,576.4657254782845
14,19,13,3,576.4657254782845
14,19,13,3,576.4657254782845
14,19,13,3,576.4657254782845
14,20,3,3,238.36020767444313
14,20,3,3,238.36020767444313
14,20,3,3,238.36020767444313
14,20,3,3,238.36020767444313
14,21,0,3,58.459569333638335
14,22,12,3,114.81129231136771
14,22,12,3,114.81129231136771
14,22,12,3,114.81129231136771
14,22,12,3,114.81129231136771
14,22,12,3,114.81129231136771
14,22,12,3,114.81129231136771
14,22,12,3,114.81129231136771
14,22,12,3,114.81129231136771
14,22,12,3,114.81129231136771
14,22,12,3,114.81129231136771
14,22,12,3,114.81129231136771
14,22,12,3,114.81129231136771
14,23,0,3,94.33886757709871
14,24,4,3,113.6744487755428
14,24,4,3,113.6744487755428
14,24,4,3,113.6744487755428
14,24,4,3,113.6744487755428
14,24,4,3,113.6744487755428
14,25,3,3,220.32916062870535
14,25,3,3,220.32916062870535
14,25,3,3,220.32916062870535
14,25,3,3,220.32916062870535
14,26,12,3,70.20044848816129
14,26,12,3,70.20044848816129
14,26,12,3,70.20044848816129
14,27,1,3,110.9301512828197
14,27,1,3,110.9301512828197
14,28,0,3,365.97139953338524
14,29,7,3,466.2598938785457
14,29,7,3,466.2598938785457
14,29,7,3,466.2598938785457
14,29,7,3,466.2598938785457
14,29,7,3,466.2598938785457
14,29,7,3,466.2598938785457
14,29,7,3,466.2598938785457
14,29,7,3,466.2598938785457
14,30,12,2,47.907784601954035
14,31,10,3,729.5105585678505
14,31,10,3,729.5105585678505
14,31,10,3,729.5105585678505
14,31,10,3,729.5105585678505
15,0,2,3,266.08654048497976
15,0,2,3,266.08654048497976
15,0,2,3,266.08654048497976
15,1,15,3,39.69220004513404
15,2,12,3,119.02344973947032
15,3,0,3,58.46267263779461
15,5,11,3,64.81892825254408
15,6,0,3,129.76151023249312
15,7,15,2,68.74470369030053
15,9,9,3,140.48254957434366
15,9,9,3,140.48254957434366
15,9,9,3,140.48254957434366
15,9,9,3,140.48254957434366
15,9,9,3,140.48254957434366
15,9,9,3,140.48254957434366
15,9,9,3,140.48254957434366
15,9,9,3,140.48254957434366
15,9,9,3,140.48254957434366
15,9,9,3,140.48254957434366
15,12,9,3,177.06314782620444
15,12,9,3,177.06314782620444
15,12,9,3,177.06314782620444
15,12,9,3,177.06314782620444
15,12,9,3,177.06314782620444
15,13,7,3,226.379956693778
15,13,7,3,226.379956693778
15,13,7,3,226.379956693778
15,13,7,3,226.379956693778
15,13,7,3,226.379956693778
15,13,7,3,226.379956693778
15,13,7,3,226.379956693778
15,13,7,3,226.379956693778
15,14,9,2,35.8251578169426
15,15,4,3,41.611190479955404
15,15,4,3,41.611190479955404
15,15,4,3,41.611190479955404
15,15,4,3,41.611190479955404
15,15,4,3,41.611190479955404
15,15,4,3,41.611190479955404
15,16,6,3,1864.5840077853015
15,16,6,3,1864.5840077853015
15,16,6,3,1864.5840077853015
15,16,6,3,1864.5840077853015
15,16,6,3,1864.5840077853015
15,16,6,3,1864.5840077853015
15,16,6,3,1864.5840077853015
15,16,6,3,1864.5840077853015
15,17,5,3,323.2709321482218
15,17,5,3,323.2709321482218
15,17,5,3,323.2709321482218
15,17,5,3,323.2709321482218
15,17,5,3,323.2709321482218
15,17,5,3,323.2709321482218
15,18,12,3,66.99214158244136
15,18,12,3,66.99214158244136
15,18,12,3,66.99214158244136
15,18,12,3,66.99214158244136
15,18,12,3,66.99214158244136
15,18,12,3,66.99214158244136
15,18,12,3,66.99214158244136
15,18,12,3,66.99214158244136
15,18,12,3,66.99214158244136
15,19,11,3,119.47502539435983
15,19,11,3,119.47502539435983
15,19,11,3,119.47502539435983
15,19,11,3,119.47502539435983
15,19,11,3,119.47502539435983
15,19,11,3,119.47502539435983
15,19,11,3,119.47502539435983
15,19,11,3,119.47502539435983
15,19,11,3,119.47502539435983
15,20,0,3,56.76584565109833
15,21,10,3,62.53098114017106
15,21,10,3,62.53098114017106
15,21,10,3,62.53098114017106
15,21,10,3,62.53098114017106
15,21,10,3,62.53098114017106
15,21,10,3,62.53098114017106
15,21,10,3,62.53098114017106
15,21,10,3,62.53098114017106
15,22,7,3,1019.0869711845122
15,22,7,3,1019.0869711845122
15,22,7,3,1019.0869711845122
15,22,7,3,1019.0869711845122
15,22,7,3,1019.0869711845122
15,22,7,3,1019.0869711845122
15,22,7,3,1019.0869711845122
15,24,2,3,193.33021340446308
15,24,2,3,193.33021340446308
15,24,2,3,193.33021340446308
15,25,6,3,357.3880903635485
15,25,6,3,357.3880903635485
15,25,6,3,357.3880903635485
15,25,6,3,357.3880903635485
15,25,6,3,357.3880903635485
15,25,6,3,357.3880903635485
15,25,6,3,357.3880903635485
15,26,3,3,235.8534228808064
15,26,3,3,235.8534228808064
15,26,3,3,235.8534228808064
15,27,9,3,134.39150135314605
15,27,9,3,134.39150135314605
15,27,9,3,134.39150135314605
15,27,9,3,134.39150135314605
15,27,9,3,134.39150135314605
15,27,9,3,134.39150135314605
15,27,9,3,134.39150135314605
15,27,9,3,134.39150135314605
15,27,9,3,134.39150135314605
15,27,9,3,134.39150135314605
15,27,9,3,134.39150135314605
15,28,7,3,362.62228764668777
15,28,7,3,362.62228764668777
15,28,7,3,362.62228764668777
15,28,7,3,362.62228764668777
15,28,7,3,362.62228764668777
15,28,7,3,362.62228764668777
15,28,7,3,362.62228764668777
15,28,7,3,362.62228764668777
15,28,7,3,362.62228764668777
15,29,4,3,127.90050976302211
15,29,4,3,127.90050976302211
15,29,4,3,127.90050976302211
15,29,4,3,127.90050976302211
15,29,4,3,127.90050976302211
15,31,3,3,191.56758847538714
15,31,3,3,191.56758847538714
15,31,3,3,191.56758847538714
15,31,3,3,191.56758847538714
16,0,5,3,178.23856071652514
16,0,5,3,178.23856071652514
16,0,5,3,178.23856071652514
16,0,5,3,178.23856071652514
16,0,5,3,178.23856071652514
16,0,5,3,178.23856071652514
16,1,0,3,280.1761123963392
16,1,0,3,280.1761123963392
16,2,16,3,3551.350199059485
16,2,16,3,3551.350199059485
16,2,16,3,3551.350199059485
16,3,14,3,34.5048481391179
16,4,4,3,56.316905509922265
16,4,4,3,56.316905509922265
16,4,4,3,56.316905509922265
16,4,4,3,56.316905509922265
16,4,4,3,56.316905509922265
16,4,4,3,56.316905509922265
16,4,4,3,56.316905509922265
16,6,6,3,166.3670061040221
16,6,6,3,166.3670061040221
16,6,6,3,166.3670061040221
16,6,6,3,166.3670061040221
16,6,6,3,166.3670061040221
16,6,6,3,166.3670061040221
16,6,6,3,166.3670061040221
16,7,12,2,89.97797158643702
16,7,12,2,89.97797158643702
16,7,12,2,89.97797158643702
16,7,12,2,89.97797158643702
16,7,12,2,89.97797158643702
16,7,12,2,89.97797158643702
16,7,12,2,89.97797158643702
16,7,12,2,89.97797158643702
16,8,11,2,47.110996804635796
16,9,6,3,153.26303370006727
16,9,6,3,153.26303370006727
16,9,6,3,153.26303370006727
16,9,6,3,153.26303370006727
16,9,6,3,153.26303370006727
16,9,6,3,153.26303370006727
16,10,6,3,235.67012376745953
16,10,6,3,235.67012376745953
16,10,6,3,235.67012376745953
16,10,6,3,235.67012376745953
16,10,6,3,235.67012376745953
16,10,6,3,235.67012376745953
16,11,14,3,60.829229210838285
16,12,12,2,46.31499899779121
16,13,7,3,90.68893034502457
16,13,7,3,90.68893034502457
16,13,7,3,90.68893034502457
16,13,7,3,90.68893034502457
16,13,7,3,90.68893034502457
16,13,7,3,90.68893034502457
16,13,7,3,90.68893034502457
16,13,7,3,90.68893034502457
16,13,7,3,90.68893034502457
16,13,7,3,90.68893034502457
16,13,7,3,90.68893034502457
16,14,13,3,181.15093950884324
16,14,13,3,181.15093950884324
16,14,13,3,181.15093950884324
16,14,13,3,181.15093950884324
16,14,13,3,181.15093950884324
16,14,13,3,181.15093950884324
16,14,13,3,181.15093950884324
16,14,13,3,181.15093950884324
16,14,13,3,181.15093950884324
16,14,13,3,181.15093950884324
16,14,13,3,181.15093950884324
16,14,13,3,181.15093950884324
16,14,13,3,181.15093950884324
16,14,13,3,181.15093950884324
16,15,14,3,71.7553564156648
16,15,14,3,71.7553564156648
16,15,14,3,71.7553564156648
16,15,14,3,71.7553564156648
16,15,14,3,71.7553564156648
16,15,14,3,71.7553564156648
16,15,14,3,71.7553564156648
16,16,12,3,129.8592338497773
16,16,12,3,129.8592338497773
16,16,12,3,129.8592338497773
16,16,12,3,129.8592338497773
16,16,12,3,129.8592338497773
16,16,12,3,129.8592338497773
16,16,12,3,129.8592338497773
16,16,12,3,129.8592338497773
16,16,12,3,129.8592338497773
16,16,12,3,129.8592338497773
16,16,12,3,129.8592338497773
16,16,12,3,129.8592338497773
16,16,12,3,129.8592338497773
16,16,12,3,129.8592338497773
16,16,12,3,129.8592338497773
16,17,16,3,105.82854909131143
16,17,16,3,105.82854909131143
16,17,16,3,105.82854909131143
16,17,16,3,105.82854909131143
16,17,16,3,105.82854909131143
16,17,16,3,105.82854909131143
16,17,16,3,105.82854909131143
16,17,16,3,105.82854909131143
16,17,16,3,105.82854909131143
16,17,16,3,105.82854909131143
16,17,16,3,105.82854909131143
16,17,16,3,105.82854909131143
16,17,16,3,105.82854909131143
16,17,16,3,105.82854909131143
16,17,16,3,105.82854909131143
16,18,5,3,322.38134343872724
16,18,5,3,322.38134343872724
16,18,5,3,322.38134343872724
16,18,5,3,322.38134343872724
16,18,5,3,322.38134343872724
16,18,5,3,322.38134343872724
16,20,6,3,43.291398300478434
16,20,6,3,43.291398300478434
16,20,6,3,43.291398300478434
16,20,6,3,43.291398300478434
16,20,6,3,43.291398300478434
16,20,6,3,43.291398300478434
16,21,7,3,192.81928486190353
16,21,7,3,192.81928486190353
16,21,7,3,192.81928486190353
16,21,7,3,192.81928486190353
16,21,7,3,192.81928486190353
16,21,7,3,192.81928486190353
16,24,4,3,359.0784026153515
16,24,4,3,359.0784026153515
16,24,4,3,359.0784026153515
16,24,4,3,359.0784026153515
16,26,6,3,162.20967300503938
16,26,6,3,162.20967300503938
16,26,6,3,162.20967300503938
16,26,6,3,162.20967300503938
16,26,6,3,162.20967300503938
16,26,6,3,162.20967300503938
16,26,6,3,162.20967300503938
16,27,14,3,1148.1488259390287
16,27,14,3,1148.1488259390287
16,27,14,3,1148.1488259390287
16,28,6,3,141.2309132829174
16,28,6,3,141.2309132829174
16,28,6,3,141.2309132829174
16,28,6,3,141.2309132829174
16,28,6,3,141.2309132829174
16,28,6,3,141.2309132829174
16,28,6,3,141.2309132829174
16,30,0,3,131.42348884947495
16,31,9,2,45.82421883869007
16,31,9,2,45.82421883869007
16,31,9,2,45.82421883869007
17,1,4,3,971.3469430830488
17,1,4,3,971.3469430830488
17,1,4,3,971.3469430830488
17,1,4,3,971.3469430830488
17,1,4,3,971.3469430830488
17,2,10,2,499.06530955213094
17,2,10,2,499.06530955213094
17,3,10,3,380.5593161315377
17,3,10,3,380.5593161315377
17,3,10,3,380.5593161315377
17,3,10,3,380.5593161315377
17,3,10,3,380.5593161315377
17,3,10,3,380.5593161315377
17,3,10,3,380.5593161315377
17,3,10,3,380.5593161315377
17,3,10,3,380.5593161315377
17,4,7,3,51.38322246821908
17,4,7,3,51.38322246821908
17,4,7,3,51.38322246821908
17,4,7,3,51.38322246821908
17,4,7,3,51.38322246821908
17,4,7,3,51.38322246821908
17,4,7,3,51.38322246821908
17,4,7,3,51.38322246821908
17,4,7,3,51.38322246821908
17,5,10,3,55.91553063777239
17,6,0,3,83.35680173461587
17,8,3,3,9005.127194219249
17,8,3,3,9005.127194219249
17,8,3,3,9005.127194219249
17,8,3,3,9005.127194219249
17,8,3,3,9005.127194219249
17,8,3,3,9005.127194219249
17,10,4,3,347.80845075481506
17,10,4,3,347.80845075481506
17,10,4,3,347.80845075481506
17,10,4,3,347.80845075481506
17,10,4,3,347.80845075481506
17,10,4,3,347.80845075481506
17,10,4,3,347.80845075481506
17,10,4,3,347.80845075481506
17,10,4,3,347.80845075481506
17,10,4,3,347.80845075481506
17,11,7,3,325.1820001967077
17,11,7,3,325.1820001967077
17,11,7,3,325.1820001967077
17,11,7,3,325.1820001967077
17,11,7,3,325.1820001967077
17,11,7,3,325.1820001967077
17,11,7,3,325.1820001967077
17,11,7,3,325.1820001967077
17,12,0,3,181.87942274708186
17,12,0,3,181.87942274708186
17,13,3,3,273.1558954598017
17,13,3,3,273.1558954598017
17,13,3,3,273.1558954598017
17,13,3,3,273.1558954598017
17,13,3,3,273.1558954598017
17,13,3,3,273.1558954598017
17,13,3,3,273.1558954598017
17,14,13,3,260.32329870970847
17,14,13,3,260.32329870970847
17,14,13,3,260.32329870970847
17,14,13,3,260.32329870970847
17,14,13,3,260.32329870970847
17,14,13,3,260.32329870970847
17,14,13,3,260.32329870970847
17,14,13,3,260.32329870970847
17,14,13,3,260.32329870970847
17,14,13,3,260.32329870970847
17,14,13,3,260.32329870970847
17,14,13,3,260.32329870970847
17,14,13,3,260.32329870970847
17,15,15,3,239.9704325888031
17,15,15,3,239.9704325888031
17,15,15,3,239.9704325888031
17,15,15,3,239.9704325888031
17,15,15,3,239.9704325888031
17,15,15,3,239.9704325888031
17,15,15,3,239.9704325888031
17,15,15,3,239.9704325888031
17,15,15,3,239.9704325888031
17,15,15,3,239.9704325888031
17,16,16,3,47.95204231404026
17,16,16,3,47.95204231404026
17,16,16,3,47.95204231404026
17,16,16,3,47.95204231404026
17,16,16,3,47.95204231404026
17,16,16,3,47.95204231404026
17,16,16,3,47.95204231404026
17,16,16,3,47.95204231404026
17,17,6,3,836.092852386517
17,17,6,3,836.092852386517
17,17,6,3,836.092852386517
17,17,6,3,836.092852386517
17,17,6,3,836.092852386517
17,17,6,3,836.092852386517
17,17,6,3,836.092852386517
17,17,6,3,836.092852386517
17,21,14,3,40.76060244920398
17,22,1,3,536.928907426284
17,22,1,3,536.928907426284
17,23,2,3,2686.1946301691814
17,23,2,3,2686.1946301691814
17,23,2,3,2686.1946301691814
17,24,0,3,556.176779084222
17,25,15,3,45.58402846501323
17,26,7,3,345.0665187199972
17,26,7,3,345.0665187199972
17,26,7,3,345.0665187199972
17,26,7,3,345.0665187199972
17,26,7,3,345.0665187199972
17,26,7,3,345.0665187199972
17,26,7,3,345.0665187199972
17,26,7,3,345.0665187199972
17,28,16,3,39.64771306347611
17,28,16,3,39.64771306347611
17,30,7,3,382.955896488885
17,30,7,3,382.955896488885
17,30,7,3,382.955896488885
17,30,7,3,382.955896488885
17,30,7,3,382.955896488885
17,30,7,3,382.955896488885
17,30,7,3,382.955896488885
18,0,6,3,133.5149446059247
18,0,6,3,133.5149446059247
18,0,6,3,133.5149446059247
18,0,6,3,133.5149446059247
18,0,6,3,133.5149446059247
18,0,6,3,133.5149446059247
18,0,6,3,133.5149446059247
18,1,0,3,1855.6028907557668
18,1,0,3,1855.6028907557668
18,1,0,3,1855.6028907557668
18,1,0,3,1855.6028907557668
18,2,0,3,188.4564470002329
18,2,0,3,188.4564470002329
18,4,15,3,111.97986969936942
18,4,15,3,111.97986969936942
18,4,15,3,111.97986969936942
18,4,15,3,111.97986969936942
18,4,15,3,111.97986969936942
18,4,15,3,111.97986969936942
18,6,7,3,126.822626606074
18,6,7,3,126.822626606074
18,6,7,3,126.822626606074
18,6,7,3,126.822626606074
18,6,7,3,126.822626606074
18,6,7,3,126.822626606074
18,6,7,3,126.822626606074
18,6,7,3,126.822626606074
18,6,7,3,126.822626606074
18,6,7,3,126.822626606074
18,7,12,3,47.69480150683261
18,9,8,3,165.97046040050972
18,9,8,3,165.97046040050972
18,9,8,3,165.97046040050972
18,9,8,3,165.97046040050972
18,9,8,3,165.97046040050972
18,9,8,3,165.97046040050972
18,9,8,3,165.97046040050972
18,9,8,3,165.97046040050972
18,10,9,3,317.519755645057
18,10,9,3,317.519755645057
18,10,9,3,317.519755645057
18,10,9,3,317.519755645057
18,10,9,3,317.519755645057
18,10,9,3,317.519755645057
18,10,9,3,317.519755645057
18,10,9,3,317.519755645057
18,10,9,3,317.519755645057
18,11,9,3,70.80370834781534
18,11,9,3,70.80370834781534
18,12,9,2,50.26927784820598
18,12,9,2,50.26927784820598
18,12,9,2,50.26927784820598
18,12,9,2,50.26927784820598
18,12,9,2,50.26927784820598
18,12,9,2,50.26927784820598
18,12,9,2,50.26927784820598
18,12,9,2,50.26927784820598
18,13,15,2,8998.713438207638
18,13,15,2,8998.713438207638
18,13,15,2,8998.713438207638
18,13,15,2,8998.713438207638
18,13,15,2,8998.713438207638
18,13,15,2,8998.713438207638
18,13,15,2,8998.713438207638
18,13,15,2,8998.713438207638
18,13,15,2,8998.713438207638
18,13,15,2,8998.713438207638
18,14,7,3,63.61107228176955
18,14,7,3,63.61107228176955
18,14,7,3,63.61107228176955
18,14,7,3,63.61107228176955
18,14,7,3,63.61107228176955
18,14,7,3,63.61107228176955
18,14,7,3,63.61107228176955
18,14,7,3,63.61107228176955
18,14,7,3,63.61107228176955
18,14,7,3,63.61107228176955
18,14,7,3,63.61107228176955
18,14,7,3,63.61107228176955
18,14,7,3,63.61107228176955
18,14,7,3,63.61107228176955
18,15,7,3,257.67162666942994
18,15,7,3,257.67162666942994
18,15,7,3,257.67162666942994
18,15,7,3,257.67162666942994
18,15,7,3,257.67162666942994
18,15,7,3,257.67162666942994
18,15,7,3,257.67162666942994
18,15,7,3,257.67162666942994
18,16,9,3,251.98553555353055
18,16,9,3,251.98553555353055
18,16,9,3,251.98553555353055
18,16,9,3,251.98553555353055
18,16,9,3,251.98553555353055
18,16,9,3,251.98553555353055
18,16,9,3,251.98553555353055
18,16,9,3,251.98553555353055
18,16,9,3,251.98553555353055
18,16,9,3,251.98553555353055
18,17,11,3,32.843103810125555
18,18,1,3,3499.863224311854
18,18,1,3,3499.863224311854
18,18,1,3,3499.863224311854
18,18,1,3,3499.863224311854
18,19,10,3,57.84693943545964
18,20,12,3,66.1293171599188
18,20,12,3,66.1293171599188
18,22,9,3,372.83539230810544
18,22,9,3,372.83539230810544
18,22,9,3,372.83539230810544
18,22,9,3,372.83539230810544
18,25,12,3,230.33628697188703
18,25,12,3,230.33628697188703
18,25,12,3,230.33628697188703
18,25,12,3,230.33628697188703
18,25,12,3,230.33628697188703
18,26,5,2,442.46116526161984
18,26,5,2,442.46116526161984
18,29,0,3,97.08199804153092
18,30,13,3,53.72327742735239
19,0,7,3,146.85628929732306
19,0,7,3,146.85628929732306
19,0,7,3,146.85628929732306
19,0,7,3,146.85628929732306
19,0,7,3,146.85628929732306
19,0,7,3,146.85628929732306
19,0,7,3,146.85628929732306
19,1,8,3,140.493049628056
19,1,8,3,140.493049628056
19,1,8,3,140.493049628056
19,1,8,3,140.493049628056
19,1,8,3,140.493049628056
19,1,8,3,140.493049628056
19,1,8,3,140.493049628056
19,2,10,3,109.18111867278238
19,2,10,3,109.18111867278238
19,2,10,3,109.18111867278238
19,2,10,3,109.18111867278238
19,2,10,3,109.18111867278238
19,2,10,3,109.18111867278238
19,2,10,3,109.18111867278238
19,2,10,3,109.18111867278238
19,2,10,3,109.18111867278238
19,2,10,3,109.18111867278238
19,3,0,3,191.5875948670272
19,4,12,3,52.5308851909217
19,4,12,3,52.5308851909217
19,5,9,3,409.2862523750989
19,5,9,3,409.2862523750989
19,5,9,3,409.2862523750989
19,7,16,3,147.74082949959524
19,7,16,3,147.74082949959524
19,7,16,3,147.74082949959524
19,7,16,3,147.74082949959524
19,7,16,3,147.74082949959524
19,7,16,3,147.74082949959524
19,7,16,3,147.74082949959524
19,7,16,3,147.74082949959524
19,7,16,3,147.74082949959524
19,8,7,3,2926.543820764005
19,8,7,3,2926.543820764005
19,8,7,3,2926.543820764005
19,8,7,3,2926.543820764005
19,8,7,3,2926.543820764005
19,8,7,3,2926.543820764005
19,8,7,3,2926.543820764005
19,9,0,3,84.25950043932158
19,11,2,3,389.7894815331557
19,11,2,3,389.7894815331557
19,11,2,3,389.7894815331557
19,12,12,3,210.46310097680316
19,12,12,3,210.46310097680316
19,12,12,3,210.46310097680316
19,12,12,3,210.46310097680316
19,12,12,3,210.46310097680316
19,12,12,3,210.46310097680316
19,12,12,3,210.46310097680316
19,12,12,3,210.46310097680316
19,12,12,3,210.46310097680316
19,12,12,3,210.46310097680316
19,12,12,3,210.46310097680316
19,12,12,3,210.46310097680316
19,12,12,3,210.46310097680316
19,13,7,3,162.20186273971856
19,13,7,3,162.20186273971856
19,13,7,3,162.20186273971856
19,13,7,3,162.20186273971856
19,13,7,3,162.20186273971856
19,13,7,3,162.20186273971856
19,13,7,3,162.20186273971856
19,13,7,3,162.20186273971856
19,13,7,3,162.20186273971856
19,14,4,3,55.07642690806575
19,14,4,3,55.07642690806575
19,14,4,3,55.07642690806575
19,14,4,3,55.07642690806575
19,14,4,3,55.07642690806575
19,14,4,3,55.07642690806575
19,14,4,3,55.07642690806575
19,14,4,3,55.07642690806575
19,14,4,3,55.07642690806575
19,14,4,3,55.07642690806575
19,15,5,3,436.4267415170319
19,15,5,3,436.4267415170319
19,15,5,3,436.4267415170319
19,15,5,3,436.4267415170319
19,15,5,3,436.4267415170319
19,15,5,3,436.4267415170319
19,15,5,3,436.4267415170319
19,15,5,3,436.4267415170319
19,15,5,3,436.4267415170319
19,17,14,3,97.38261072316499
19,19,9,3,82.86107885459313
19,19,9,3,82.86107885459313
19,19,9,3,82.86107885459313
19,19,9,3,82.86107885459313
19,21,6,3,95.52683899081069
19,21,6,3,95.52683899081069
19,23,16,3,60.93482107645745
19,24,12,3,2782.506851082432
19,24,12,3,2782.506851082432
19,25,12,3,1095.3148639694944
19,25,12,3,1095.3148639694944
19,25,12,3,1095.3148639694944
19,25,12,3,1095.3148639694944
19,26,0,2,53.63892968987086
19,28,13,3,200.66317814718835
19,28,13,3,200.66317814718835
19,28,13,3,200.66317814718835
19,28,13,3,200.66317814718835
19,29,16,3,99.96361342639649
19,31,10,2,41.48778604238893
20,1,16,3,4213.091661814648
20,2,0,3,97.58998370178408
20,3,15,3,133.00305496081427
20,4,12,3,3730.1971749879885
20,4,12,3,3730.1971749879885
20,5,13,3,50.73785356413348
20,5,13,3,50.73785356413348
20,8,0,3,82.13387652023476
20,9,10,3,111.77711575637427
20,9,10,3,111.77711575637427
20,9,10,3,111.77711575637427
20,9,10,3,111.77711575637427
20,9,10,3,111.77711575637427
20,9,10,3,111.77711575637427
20,9,10,3,111.77711575637427
20,9,10,3,111.77711575637427
20,9,10,3,111.77711575637427
20,11,4,3,33.01755817384613
20,11,4,3,33.01755817384613
20,11,4,3,33.01755817384613
20,12,8,3,2307.7153748668143
20,12,8,3,2307.7153748668143
20,12,8,3,2307.7153748668143
20,12,8,3,2307.7153748668143
20,12,8,3,2307.7153748668143
20,12,8,3,2307.7153748668143
20,12,8,3,2307.7153748668143
20,12,8,3,2307.7153748668143
20,12,8,3,2307.7153748668143
20,12,8,3,2307.7153748668143
20,12,8,3,2307.7153748668143
20,13,7,3,42.0914856889777
20,13,7,3,42.0914856889777
20,13,7,3,42.0914856889777
20,13,7,3,42.0914856889777
20,13,7,3,42.0914856889777
20,13,7,3,42.0914856889777
20,13,7,3,42.0914856889777
20,13,7,3,42.0914856889777
20,13,7,3,42.0914856889777
20,13,7,3,42.0914856889777
20,13,7,3,42.0914856889777
20,14,0,3,73.29831874777084
20,15,10,3,62.733257455350945
20,15,10,3,62.733257455350945
20,16,16,3,35.462997588211145
20,17,16,3,30.483107218016173
20,18,4,3,167.63449129846333
20,18,4,3,167.63449129846333
20,18,4,3,167.63449129846333
20,18,4,3,167.63449129846333
20,20,11,2,39.610260466269835
20,21,0,3,65.37462156831305
20,21,0,3,65.37462156831305
20,21,0,3,65.37462156831305
20,21,0,3,65.37462156831305
20,23,5,3,139.9196947689894
20,23,5,3,139.9196947689894
20,23,5,3,139.9196947689894
20,23,5,3,139.9196947689894
20,23,5,3,139.9196947689894
20,25,13,2,41.04603294945614
20,26,11,3,35.09179700418596
20,28,9,2,115.14730513322657
20,28,9,2,115.14730513322657
20,29,0,3,38.375079777547874
20,30,5,3,54.16857350682344
20,30,5,3,54.16857350682344
20,30,5,3,54.16857350682344
20,30,5,3,54.16857350682344
20,30,5,3,54.16857350682344
20,30,5,3,54.16857350682344
20,30,5,3,54.16857350682344
20,30,5,3,54.16857350682344
21,1,1,3,35.21322905410681
21,1,1,3,35.21322905410681
21,2,1,3,311.8927209279971
21,2,1,3,311.8927209279971
21,3,3,3,343.994472560662
21,3,3,3,343.994472560662
21,3,3,3,343.994472560662
21,3,3,3,343.994472560662
21,4,0,3,205.8137896085446
21,4,0,3,205.8137896085446
21,5,0,3,79.86907912811661
21,6,10,3,62.60772328531288
21,6,10,3,62.60772328531288
21,6,10,3,62.60772328531288
21,6,10,3,62.60772328531288
21,6,10,3,62.60772328531288
21,6,10,3,62.60772328531288
21,6,10,3,62.60772328531288
21,6,10,3,62.60772328531288
21,6,10,3,62.60772328531288
21,6,10,3,62.60772328531288
21,6,10,3,62.60772328531288
21,7,9,3,40.6220362294313
21,7,9,3,40.6220362294313
21,8,1,3,318.34933476912994
21,8,1,3,318.34933476912994
21,9,5,3,113.51427408714626
21,9,5,3,113.51427408714626
21,9,5,3,113.51427408714626
21,9,5,3,113.51427408714626
21,9,5,3,113.51427408714626
21,9,5,3,113.51427408714626
21,9,5,3,113.51427408714626
21,9,5,3,113.51427408714626
21,9,5,3,113.51427408714626
21,10,9,3,143.85446384465226
21,10,9,3,143.85446384465226
21,10,9,3,143.85446384465226
21,10,9,3,143.85446384465226
21,10,9,3,143.85446384465226
21,10,9,3,143.85446384465226
21,10,9,3,143.85446384465226
21,11,0,3,79.79040859546801
21,12,7,3,100.64223822436992
21,12,7,3,100.64223822436992
21,12,7,3,100.64223822436992
21,12,7,3,100.64223822436992
21,12,7,3,100.64223822436992
21,12,7,3,100.64223822436992
21,12,7,3,100.64223822436992
21,12,7,3,100.64223822436992
21,12,7,3,100.64223822436992
21,12,7,3,100.64223822436992
21,19,13,3,110.90066193947857
21,19,13,3,110.90066193947857
21,19,13,3,110.90066193947857
21,23,13,3,44.06812978023141
21,25,15,3,34.28791950972067
21,27,7,2,970.8802195157078
21,27,7,2,970.8802195157078
21,27,7,2,970.8802195157078
21,27,7,2,970.8802195157078
21,29,5,3,120.26379838370289
21,29,5,3,120.26379838370289
21,29,5,3,120.26379838370289
21,30,11,2,91.51100164002645
21,30,11,2,91.51100164002645
22,0,13,2,33.68331291001224
22,4,2,3,456.9822787347769
22,4,2,3,456.9822787347769
22,4,2,3,456.9822787347769
22,5,4,2,37.97953529073347
22,5,4,2,37.97953529073347
22,6,1,3,62.12186911639132
22,6,1,3,62.12186911639132
22,6,1,3,62.12186911639132
22,6,1,3,62.12186911639132
22,6,1,3,62.12186911639132
22,8,11,3,205.64932053731332
22,8,11,3,205.64932053731332
22,8,11,3,205.64932053731332
22,8,11,3,205.64932053731332
22,8,11,3,205.64932053731332
22,8,11,3,205.64932053731332
22,10,0,3,32.40092987882379
22,10,0,3,32.40092987882379
22,10,0,3,32.40092987882379
22,12,9,3,79.60466608033995
22,12,9,3,79.60466608033995
22,12,9,3,79.60466608033995
22,12,9,3,79.60466608033995
22,12,9,3,79.60466608033995
22,12,9,3,79.60466608033995
22,12,9,3,79.60466608033995
22,12,9,3,79.60466608033995
22,12,9,3,79.60466608033995
22,12,9,3,79.60466608033995
22,13,0,3,150.78748282817384
22,14,9,2,1110.3728498504668
22,14,9,2,1110.3728498504668
22,14,9,2,1110.3728498504668
22,14,9,2,1110.3728498504668
22,14,9,2,1110.3728498504668
22,14,9,2,1110.3728498504668
22,15,2,3,13282.715345923945
22,15,2,3,13282.715345923945
22,15,2,3,13282.715345923945
22,18,9,3,91.72784028878755
22,18,9,3,91.72784028878755
22,18,9,3,91.72784028878755
22,19,11,3,32.84593404749388
22,20,13,3,54.28707694486905
22,21,14,3,200.91469998391136
22,21,14,3,200.91469998391136
22,23,9,3,210.10490102246112
22,24,16,3,287.71884055228605
22,24,16,3,287.71884055228605
22,24,16,3,287.71884055228605
22,24,16,3,287.71884055228605
22,25,0,3,258.93066132667315
22,25,0,3,258.93066132667315
22,25,0,3,258.93066132667315
22,25,0,3,258.93066132667315
22,25,0,3,258.93066132667315
22,25,0,3,258.93066132667315
22,25,0,3,258.93066132667315
22,26,7,3,44.56429128355462
22,26,7,3,44.56429128355462
22,26,7,3,44.56429128355462
22,28,0,2,68.82922408077035
22,28,0,2,68.82922408077035
22,28,0,2,68.82922408077035
22,28,0,2,68.82922408077035
22,29,12,3,30.9226753879078
22,30,11,3,36.83342070068717
22,31,5,3,160.42711267060608
22,31,5,3,160.42711267060608
23,1,11,3,65.17552499650405
23,1,11,3,65.17552499650405
23,2,6,3,735.2646560856801
23,2,6,3,735.2646560856801
23,2,6,3,735.2646560856801
23,2,6,3,735.2646560856801
23,2,6,3,735.2646560856801
23,2,6,3,735.2646560856801
23,2,6,3,735.2646560856801
23,3,15,3,48.26811085665729
23,3,15,3,48.26811085665729
23,4,8,3,40.9924589751826
23,4,8,3,40.9924589751826
23,5,10,3,41.236246357409044
23,5,10,3,41.236246357409044
23,6,1,3,553.724023561147
23,6,1,3,553.724023561147
23,6,1,3,553.724023561147
23,7,11,3,54.45269008293953
23,9,4,3,138.82297359123544
23,9,4,3,138.82297359123544
23,9,4,3,138.82297359123544
23,9,4,3,138.82297359123544
23,9,4,3,138.82297359123544
23,9,4,3,138.82297359123544
23,9,4,3,138.82297359123544
23,9,4,3,138.82297359123544
23,9,4,3,138.82297359123544
23,9,4,3,138.82297359123544
23,10,14,3,122.3217404894567
23,10,14,3,122.3217404894567
23,12,10,3,244.35191715053065
23,12,10,3,244.35191715053065
23,12,10,3,244.35191715053065
23,12,10,3,244.35191715053065
23,12,10,3,244.35191715053065
23,12,10,3,244.35191715053065
23,13,1,3,56.17932668568883
23,13,1,3,56.17932668568883
23,13,1,3,56.17932668568883
23,13,1,3,56.17932668568883
23,16,11,2,33.761507668399375
23,19,14,3,36.12700704059074
23,20,0,3,242.99909721727795
23,21,13,3,88.56129485240126
23,21,13,3,88.56129485240126
23,21,13,3,88.56129485240126
23,21,13,3,88.56129485240126
23,21,13,3,88.56129485240126
23,21,13,3,88.56129485240126
23,21,13,3,88.56129485240126
23,21,13,3,88.56129485240126
23,23,5,2,421.7400836766897
23,23,5,2,421.7400836766897
23,23,5,2,421.7400836766897
23,24,15,3,63.610829532697295
23,24,15,3,63.610829532697295
23,24,15,3,63.610829532697295
23,24,15,3,63.610829532697295
23,24,15,3,63.610829532697295
23,24,15,3,63.610829532697295
23,25,8,3,109.80378875581712
23,25,8,3,109.80378875581712
23,29,8,3,54.819422855826424
23,29,8,3,54.819422855826424
23,31,5,3,108.37842118941828
23,31,5,3,108.37842118941828
23,31,5,3,108.37842118941828
23,31,5,3,108.37842118941828
23,31,5,3,108.37842118941828
24,0,4,3,134.31590404210002
24,0,4,3,134.31590404210002
24,0,4,3,134.31590404210002
24,2,10,2,219.61926898215495
24,2,10,2,219.61926898215495
24,2,10,2,219.61926898215495
24,2,10,2,219.61926898215495
24,3,0,3,429.6457860869832
24,3,0,3,429.6457860869832
24,8,10,3,76.3870624059684
24,8,10,3,76.3870624059684
24,8,10,3,76.3870624059684
24,8,10,3,76.3870624059684
24,8,10,3,76.3870624059684
24,9,10,3,86.09266659989503
24,9,10,3,86.09266659989503
24,9,10,3,86.09266659989503
24,9,10,3,86.09266659989503
24,11,12,2,41.81186307914409
24,12,0,3,72.02079937575901
24,14,14,3,30.529366090375657
24,18,15,3,61.13642529512726
24,23,13,2,93.5190270482835
24,23,13,2,93.5190270482835
24,23,13,2,93.5190270482835
24,23,13,2,93.5190270482835
24,23,13,2,93.5190270482835
24,23,13,2,93.5190270482835
24,24,14,2,45.93238074866954
24,24,14,2,45.93238074866954
24,25,7,3,44.029535030721924
24,25,7,3,44.029535030721924
24,28,3,2,54.89890400689984
24,28,3,2,54.89890400689984
24,28,3,2,54.89890400689984
24,29,4,3,73.351253468846
24,29,4,3,73.351253468846
24,31,0,3,345.3691996906073
24,31,0,3,345.3691996906073
24,31,0,3,345.3691996906073
24,31,0,3,345.3691996906073
25,0,11,3,38.42524141242631
25,0,11,3,38.42524141242631
25,2,5,3,502.89925723548646
25,2,5,3,502.89925723548646
25,2,5,3,502.89925723548646
25,2,5,3,502.89925723548646
25,2,5,3,502.89925723548646
25,3,12,3,89.1315689522274
25,3,12,3,89.1315689522274
25,3,12,3,89.1315689522274
25,3,12,3,89.1315689522274
25,3,12,3,89.1315689522274
25,3,12,3,89.1315689522274
25,3,12,3,89.1315689522274
25,3,12,3,89.1315689522274
25,4,5,3,10021.061242675947
25,4,5,3,10021.061242675947
25,4,5,3,10021.061242675947
25,4,5,3,10021.061242675947
25,4,5,3,10021.061242675947
25,4,5,3,10021.061242675947
25,5,3,3,206.84891820588385
25,5,3,3,206.84891820588385
25,5,3,3,206.84891820588385
25,5,3,3,206.84891820588385
25,6,9,3,93.13113053611069
25,6,9,3,93.13113053611069
25,6,9,3,93.13113053611069
25,6,9,3,93.13113053611069
25,7,0,3,846.6171457717388
25,7,0,3,846.6171457717388
25,7,0,3,846.6171457717388
25,8,0,3,3252.8814223534932
25,9,10,2,42.96786574685642
25,11,7,3,116.77755738351036
25,11,7,3,116.77755738351036
25,11,7,3,116.77755738351036
25,11,7,3,116.77755738351036
25,11,7,3,116.77755738351036
25,12,5,3,514.7066436233245
25,12,5,3,514.7066436233245
25,12,5,3,514.7066436233245
25,12,5,3,514.7066436233245
25,12,5,3,514.7066436233245
25,13,10,3,40.50787668325617
25,14,11,3,40.69786679042955
25,18,14,3,101.58037988462864
25,20,0,3,46.113290443738926
25,22,7,3,450.61512738897795
25,22,7,3,450.61512738897795
25,22,7,3,450.61512738897795
25,22,7,3,450.61512738897795
25,22,7,3,450.61512738897795
25,25,12,3,39.185167465538946
25,27,3,3,722.2105080718163
25,27,3,3,722.2105080718163
25,27,3,3,722.2105080718163
25,29,3,3,895.6998014805511
25,29,3,3,895.6998014805511
25,29,3,3,895.6998014805511
25,29,3,3,895.6998014805511
25,30,8,3,70.34071209601981
25,30,8,3,70.34071209601981
26,0,9,3,33.086667139099916
26,1,6,3,447.53516270328697
26,1,6,3,447.53516270328697
26,1,6,3,447.53516270328697
26,1,6,3,447.53516270328697
26,1,6,3,447.53516270328697
26,1,6,3,447.53516270328697
26,1,6,3,447.53516270328697
26,1,6,3,447.53516270328697
26,1,6,3,447.53516270328697
26,2,12,3,59.75966875763679
26,2,12,3,59.75966875763679
26,2,12,3,59.75966875763679
26,2,12,3,59.75966875763679
26,2,12,3,59.75966875763679
26,2,12,3,59.75966875763679
26,4,0,3,65.81755029548538
26,5,7,3,238.05203459264118
26,5,7,3,238.05203459264118
26,5,7,3,238.05203459264118
26,5,7,3,238.05203459264118
26,5,7,3,238.05203459264118
26,5,7,3,238.05203459264118
26,5,7,3,238.05203459264118
26,5,7,3,238.05203459264118
26,6,2,3,332.2678680811641
26,6,2,3,332.2678680811641
26,6,2,3,332.2678680811641
26,6,2,3,332.2678680811641
26,7,1,3,34.96699741718133
26,7,1,3,34.96699741718133
26,7,1,3,34.96699741718133
26,9,15,2,46.56365002832585
26,9,15,2,46.56365002832585
26,10,16,3,173.88145858969486
26,10,16,3,173.88145858969486
26,10,16,3,173.88145858969486
26,11,0,3,784.2587913557863
26,14,11,2,95.61184400184194
26,15,6,3,291.28822023834573
26,15,6,3,291.28822023834573
26,15,6,3,291.28822023834573
26,15,6,3,291.28822023834573
26,17,12,2,1428.104967332847
26,18,12,2,42.59657082472724
26,19,9,3,47.831238701877865
26,19,9,3,47.831238701877865
26,21,15,3,259.8803362315653
26,22,15,3,186.9046370714607
26,23,9,2,447.2233410647335
26,23,9,2,447.2233410647335
26,24,0,3,116.90671528430767
26,25,10,3,43.67453799214075
26,27,12,3,45.28029021084227
26,28,10,2,40.8484502311323
26,28,10,2,40.8484502311323
26,30,14,3,69.88790189010648
26,30,14,3,69.88790189010648
27,1,8,3,1092.3863531944105
27,1,8,3,1092.3863531944105
27,3,10,3,144.6289744916706
27,3,10,3,144.6289744916706
27,3,10,3,144.6289744916706
27,4,16,3,294.91405232645053
27,6,6,3,584.7404380149753
27,6,6,3,584.7404380149753
27,6,6,3,584.7404380149753
27,6,6,3,584.7404380149753
27,6,6,3,584.7404380149753
27,6,6,3,584.7404380149753
27,6,6,3,584.7404380149753
27,7,9,2,54.43393434854074
27,7,9,2,54.43393434854074
27,7,9,2,54.43393434854074
27,7,9,2,54.43393434854074
27,8,7,3,71.61239271426851
27,8,7,3,71.61239271426851
27,11,13,3,756.078956490919
27,11,13,3,756.078956490919
27,11,13,3,756.078956490919
27,13,4,3,106.34262937581003
27,13,4,3,106.34262937581003
27,13,4,3,106.34262937581003
27,13,4,3,106.34262937581003
27,13,4,3,106.34262937581003
27,13,4,3,106.34262937581003
27,14,3,3,63.17529661361642
27,17,10,2,41.280107139870644
27,17,10,2,41.280107139870644
27,18,13,3,238.8931483357491
27,18,13,3,238.8931483357491
27,22,8,3,166.81398172493903
27,22,8,3,166.81398172493903
27,22,8,3,166.81398172493903
27,24,15,3,46.51271575314927
27,25,15,3,32.816045239095224
27,25,15,3,32.816045239095224
27,26,6,3,35.480320545708466
27,27,15,3,31.94404840887904
27,28,14,2,42.21749128899196
27,29,12,2,62274.867485425915
27,30,3,2,53.03667196432502
27,30,3,2,53.03667196432502
27,30,3,2,53.03667196432502
27,30,3,2,53.03667196432502
27,31,3,3,254.94153813053174
27,31,3,3,254.94153813053174
27,31,3,3,254.94153813053174
27,31,3,3,254.94153813053174
27,31,3,3,254.94153813053174
27,31,3,3,254.94153813053174
28,1,13,3,45.19120439987094
28,2,4,3,45.0867715942388
28,2,4,3,45.0867715942388
28,2,4,3,45.0867715942388
28,2,4,3,45.0867715942388
28,2,4,3,45.0867715942388
28,4,3,3,43.63142525429832
28,4,3,3,43.63142525429832
28,4,3,3,43.63142525429832
28,5,7,3,2707.2864391241865
28,5,7,3,2707.2864391241865
28,5,7,3,2707.2864391241865
28,5,7,3,2707.2864391241865
28,5,7,3,2707.2864391241865
28,5,7,3,2707.2864391241865
28,5,7,3,2707.2864391241865
28,5,7,3,2707.2864391241865
28,6,5,3,155.27253697465108
28,6,5,3,155.27253697465108
28,6,5,3,155.27253697465108
28,6,5,3,155.27253697465108
28,6,5,3,155.27253697465108
28,7,3,3,39.89789269546551
28,7,3,3,39.89789269546551
28,7,3,3,39.89789269546551
28,7,3,3,39.89789269546551
28,7,3,3,39.89789269546551
28,8,1,3,289.48454672504295
28,8,1,3,289.48454672504295
28,8,1,3,289.48454672504295
28,10,16,3,6428.775275343181
28,13,11,3,80.7225919080235
28,15,15,3,39.29718942594256
28,16,14,3,30.06130877755053
28,17,0,2,47.006625499654305
28,18,12,2,105.28897994050313
28,18,12,2,105.28897994050313
28,20,15,3,42.6800163697144
28,21,14,2,145.32573263722466
28,23,7,2,40.3602680950444
28,23,7,2,40.3602680950444
28,24,4,3,71.75573356297251
28,24,4,3,71.75573356297251
28,25,12,3,43.212231947287265
28,25,12,3,43.212231947287265
28,27,9,3,108.5046804040549
28,27,9,3,108.5046804040549
28,27,9,3,108.5046804040549
28,27,9,3,108.5046804040549
28,27,9,3,108.5046804040549
28,27,9,3,108.5046804040549
28,27,9,3,108.5046804040549
28,27,9,3,108.5046804040549
28,27,9,3,108.5046804040549
28,30,13,2,51.216462854351754
29,0,8,3,106.65604523766056
29,0,8,3,106.65604523766056
29,0,8,3,106.65604523766056
29,1,11,3,39.5409788034497
29,2,7,3,142.98929756593728
29,2,7,3,142.98929756593728
29,2,7,3,142.98929756593728
29,2,7,3,142.98929756593728
29,2,7,3,142.98929756593728
29,2,7,3,142.98929756593728
29,2,7,3,142.98929756593728
29,2,7,3,142.98929756593728
29,4,12,3,32.72508433026273
29,4,12,3,32.72508433026273
29,4,12,3,32.72508433026273
29,4,12,3,32.72508433026273
29,4,12,3,32.72508433026273
29,4,12,3,32.72508433026273
29,4,12,3,32.72508433026273
29,5,9,3,68.09550815918061
29,5,9,3,68.09550815918061
29,5,9,3,68.09550815918061
29,5,9,3,68.09550815918061
29,5,9,3,68.09550815918061
29,5,9,3,68.09550815918061
29,5,9,3,68.09550815918061
29,5,9,3,68.09550815918061
29,5,9,3,68.09550815918061
29,6,3,3,30116.665977189383
29,6,3,3,30116.665977189383
29,6,3,3,30116.665977189383
29,6,3,3,30116.665977189383
29,6,3,3,30116.665977189383
29,6,3,3,30116.665977189383
29,6,3,3,30116.665977189383
29,7,4,3,171.41283097801497
29,7,4,3,171.41283097801497
29,9,0,3,58.865957660414196
29,11,1,2,77.49739067320675
29,12,0,2,82.94051780675306
29,13,12,3,234.12582382793966
29,14,16,3,52.41351756293907
29,18,8,3,84.49605842572169
29,18,8,3,84.49605842572169
29,22,13,2,45.91192079099051
29,23,3,3,116.68025470766055
29,23,3,3,116.68025470766055
29,23,3,3,116.68025470766055
29,23,3,3,116.68025470766055
29,23,3,3,116.68025470766055
29,23,3,3,116.68025470766055
29,23,3,3,116.68025470766055
29,24,13,3,30.602302795347452
29,27,9,3,48.8684825294548
29,31,15,2,165.77784140493736
29,31,15,2,165.77784140493736
29,31,15,2,165.77784140493736
30,0,14,3,50.07943778719028
30,1,14,3,43.872666824689595
30,2,6,3,185.80301589847235
30,2,6,3,185.80301589847235
30,2,6,3,185.80301589847235
30,2,6,3,185.80301589847235
30,2,6,3,185.80301589847235
30,2,6,3,185.80301589847235
30,3,6,3,31.001290685119777
30,4,0,3,74.64588605671972
30,4,0,3,74.64588605671972
30,4,0,3,74.64588605671972
30,5,0,3,120.52075153821335
30,6,7,3,94.921299940004
30,6,7,3,94.921299940004
30,6,7,3,94.921299940004
30,6,7,3,94.921299940004
30,6,7,3,94.921299940004
30,6,7,3,94.921299940004
30,6,7,3,94.921299940004
30,6,7,3,94.921299940004
30,7,7,3,195.4458814635048
30,7,7,3,195.4458814635048
30,7,7,3,195.4458814635048
30,7,7,3,195.4458814635048
30,7,7,3,195.4458814635048
30,7,7,3,195.4458814635048
30,7,7,3,195.4458814635048
30,9,15,2,57.02216901088756
30,13,12,3,34.64033853420543
30,14,10,3,35.295842234624935
30,14,10,3,35.295842234624935
30,15,11,3,220.29505501645764
30,15,11,3,220.29505501645764
30,15,11,3,220.29505501645764
30,17,15,3,178.47932129340987
30,17,15,3,178.47932129340987
30,20,0,3,57.85418430054774
30,21,9,2,249.73878697629078
30,21,9,2,249.73878697629078
30,21,9,2,249.73878697629078
30,23,13,3,50.30715660102362
30,25,9,3,47.966229794634124
30,28,16,3,36.824313864436874
30,28,16,3,36.824313864436874
30,31,14,2,33.55595245786921
31,6,0,3,74.72241998163902
31,6,0,3,74.72241998163902
31,7,14,3,69.7926347625673
31,9,0,3,46.123770534842784
31,10,15,3,47.37027628677326
31,11,0,2,34.353739393542284
31,12,9,2,751.36307685535
31,12,9,2,751.36307685535
31,12,9,2,751.36307685535
31,13,7,3,59.66967722385681
31,13,7,3,59.66967722385681
31,13,7,3,59.66967722385681
31,16,11,2,32.421178076286296
31,16,11,2,32.421178076286296
31,20,16,3,34.16749431659861
31,22,15,3,277.69981876935714
31,23,5,2,6366.9529778496635
31,23,5,2,6366.9529778496635
31,23,5,2,6366.9529778496635
31,23,5,2,6366.9529778496635
31,23,5,2,6366.9529778496635
31,24,8,3,90.7286169681157
31,24,8,3,90.7286169681157
31,25,12,3,225.4377879644158
31,25,12,3,225.4377879644158
31,26,5,3,189.04477372149145
31,26,5,3,189.04477372149145
31,26,5,3,189.04477372149145
31,26,5,3,189.04477372149145
31,26,5,3,189.04477372149145
31,26,5,3,189.04477372149145
31,29,10,2,127.76903317053834
31,30,10,3,47.325523967511906
31,30,10,3,47.325523967511906
31,30,10,3,47.325523967511906
31,30,10,3,47.325523967511906
31,30,10,3,47.325523967511906
